{"type":"Topology","transform":{"scale":[0.0018928782132321955,0.0013302167797451594],"translate":[-18.144,27.686]},"arcs":[[[124,59],[-68,-59],[-56,13],[111,110],[13,-64]],[[1439,343],[3,-71],[21,-37],[-12,-106],[-16,-40],[-91,-52],[-37,14],[-62,61],[-24,56],[8,72],[58,63],[-1,58],[60,-17],[93,-1]],[[522,361],[30,-54],[-46,-49],[-31,-7],[-55,59],[7,58],[40,32],[55,-39]],[[839,259],[-66,-24],[-83,157],[0,38],[-36,61],[24,28],[136,13],[53,24],[43,69],[49,45],[90,9],[8,-51],[-115,-107],[-33,-132],[-1,-42],[-69,-88]],[[2070,356],[-56,-87],[-85,30],[98,48],[44,51],[36,136],[29,59],[49,150],[-4,31],[68,31],[24,-23],[10,-100],[-17,-73],[-2,-78],[-22,-87],[-24,-36],[-148,-52]],[[134,868],[60,0],[28,-74],[-19,-130],[-38,-84],[-93,226],[47,74],[15,-12]],[[2482,1099],[-10,-97],[-40,-45],[-110,-63],[-65,-15],[23,55],[7,79],[83,68],[40,7],[69,66],[3,-55]],[[8348,7773],[90,-103],[88,-6],[-4,-156],[75,-138],[71,-35],[56,-51]],[[8724,7284],[-22,-15],[-65,-95],[-29,-121],[-45,-97],[-100,-156],[-36,-8],[-67,85],[-85,2],[-43,-15],[-44,-85],[-67,-17],[-78,52],[-175,4],[-89,-46],[-128,39],[-106,4],[-48,-18],[-60,16],[-90,-28],[-83,8],[-61,-93],[-54,-33],[-14,-36],[-55,-17],[-90,16],[-137,-67],[-24,-28],[-73,-164],[-38,11],[-4,-67],[-90,-57],[-101,51],[-63,80],[-64,1],[-96,163],[-5,45],[29,44],[-31,48],[-85,42],[-26,73],[23,55],[-22,61],[-80,97],[-172,116],[-26,75],[-45,-51],[-123,-5],[-65,-14],[-32,224],[-29,58],[56,141],[49,53],[37,115],[82,57],[51,-16],[37,139]],[[5923,7910],[58,-26],[8,-47],[98,-10],[27,-56],[41,-5],[67,24],[34,-53],[71,-16],[61,30],[56,6],[18,89],[32,37],[65,19],[18,-36],[57,-7],[35,50],[-31,131],[3,35],[49,35],[57,83],[50,21],[89,73],[33,15]],[[6919,8302],[94,-36],[5,-51],[74,-32],[150,-127],[88,-42],[6,42],[133,-26],[77,4],[16,30],[53,8],[58,-22],[20,43],[58,-40],[51,58],[130,-27],[34,29],[38,-21],[57,6],[65,56],[47,-27],[56,-5],[-1,-36],[46,-33],[-1,-74],[22,-10],[-2,-76],[-55,-76],[110,-44]],[[9934,11280],[25,-53],[32,-8],[-35,-89],[34,-127],[-27,-73],[-33,-150],[-46,-61],[22,-55],[-110,-85],[-34,-53],[8,-67],[42,2],[7,-45],[-65,-110]],[[9754,10306],[35,-87],[-44,-87],[-53,-29],[8,-61],[40,-55],[-20,-38],[12,-75],[-56,-66]],[[9676,9808],[-76,-15],[-49,11],[-70,43],[-50,-131],[8,-101],[-30,-13],[15,-72]],[[9424,9530],[-41,-74],[-36,-22],[-51,7],[-35,-131],[-74,-18],[-46,-58],[23,-66],[-35,-26],[-21,64],[-45,38],[-81,-8]],[[8982,9236],[-12,29]],[[8970,9265],[46,44],[-37,34]],[[8979,9343],[-47,-1],[-21,37],[-42,-25],[-49,12]],[[8820,9366],[-49,35],[-94,96],[-43,71],[57,55],[10,79],[40,-22],[33,94],[-5,97],[-39,47],[6,37],[-103,122],[-83,61],[-49,-19]],[[8501,10119],[-49,28],[-12,105],[35,92],[78,-28],[-22,130],[100,62],[17,46],[-27,37],[-17,144]],[[8604,10735],[6,32]],[[8610,10767],[152,-71],[72,-1],[50,87],[-38,73],[-10,65],[40,159],[72,96],[29,73],[60,0],[19,39],[81,65],[-4,45],[39,57],[29,-2]],[[9201,11452],[5,-25],[61,-41],[27,-40],[87,17],[47,28],[73,-43],[76,-72],[101,39],[130,-36],[126,1]],[[7202,11808],[-4,-75],[-46,5],[-63,-33],[-11,-54],[-50,-3]],[[7028,11648],[-38,43],[-74,-41],[-26,-61],[-124,-15],[-83,-46],[-124,16],[-20,-42],[-38,-15],[-129,83],[-76,-51],[-70,36],[-44,-88],[-52,-21],[-38,10],[-112,-7]],[[5980,11449],[-25,55],[-66,29],[29,79],[-55,74],[-62,112],[69,123]],[[5870,11921],[51,20],[308,-14],[59,30],[68,-27],[81,17],[71,46],[69,-72],[151,9],[60,-15],[42,-46],[152,-12],[121,-37],[99,-12]],[[10355,8444],[-51,-43],[-77,33],[40,92],[35,31],[93,37],[35,-25],[4,-41],[-79,-84]],[[11272,9212],[0,-44],[-38,-60],[70,-54],[43,33],[61,-23],[3,-65],[-46,-79],[-38,-39],[-36,-106],[-95,-70],[-48,73],[-91,4],[-25,34],[7,68],[-64,48],[-49,-33],[-9,-49],[-92,80],[12,37],[99,65],[59,69],[59,48],[131,59],[87,4]],[[11748,9302],[84,-72],[33,-64],[-24,-52],[-131,85],[-104,0],[-17,73],[16,23],[143,7]],[[7920,11778],[-2,-39],[-83,-3],[-65,-45],[10,-79]],[[7780,11612],[-48,3],[-75,33],[-56,-72],[-35,-3],[-73,-67],[-16,-45],[92,-72],[-58,-49],[-82,-7],[-76,73],[-7,72],[-57,13],[-30,50],[-167,-16],[-60,65],[-4,58]],[[7202,11808],[101,-3],[179,39],[76,30],[61,-5],[66,29],[73,-36],[17,-38],[109,-18],[36,-28]],[[8087,11359],[55,-1],[92,-24],[-27,-50],[-88,-20],[-49,53],[17,42]],[[7780,11612],[87,50],[48,-34],[15,-43],[-24,-56],[75,-30],[9,-56],[-57,-3],[-51,35],[-31,-57],[30,-33],[35,19],[12,-68],[47,-12],[101,-84]],[[8076,11240],[-120,3],[-3,-78],[14,-137],[-35,-118],[51,-85],[54,1],[9,-48],[53,10],[22,67],[34,-30],[-20,-58],[87,-9],[35,89],[88,24],[59,-34],[52,1],[15,-109],[67,-29],[66,35]],[[8501,10119],[-30,-36],[-65,-1],[-17,-22],[-82,-8],[-84,91],[-6,35],[-122,25],[-45,52],[-23,-26],[-59,-15],[-69,23],[-51,-28],[-56,-7],[-4,-32],[-73,-37]],[[7715,10133],[-39,-12],[-90,-113],[-50,-18],[-39,-62],[-14,-81],[-54,-6],[-41,-65],[-1,-51],[-62,-15],[-27,-51],[5,-93],[-63,-23],[-74,-123]],[[7166,9420],[-57,-3],[-13,48],[-53,-21],[-102,-104],[-34,29],[-70,-49],[-71,24]],[[6766,9344],[-16,33],[10,79],[-43,-9],[-54,-43],[-35,16],[-50,57],[-38,-9],[-16,53],[-47,-18],[-20,-35],[-90,61],[14,26],[-92,67],[-80,-65],[-77,-39],[-10,-42],[-65,-30],[-68,-7],[-30,22]],[[5959,9461],[39,47],[-31,90],[18,37],[8,114],[-9,54],[4,118],[-53,87],[54,28],[21,74],[64,85],[33,-4],[77,52],[26,55],[44,49],[62,94],[-53,61],[-84,21],[-34,-17],[-26,61],[24,97],[-17,55],[-209,0],[-21,21]],[[5896,10740],[-26,77],[50,77],[90,60],[18,77],[-42,51],[-8,49],[-51,20],[-26,-19],[-45,26],[8,125],[57,35],[51,61],[8,70]],[[8820,9366],[45,-100],[61,-13],[44,12]],[[8982,9236],[-31,-37],[-7,-85],[-30,-72],[-78,-44],[-44,-73],[-14,-78],[47,-61],[147,-51],[-19,-97],[-37,-94],[63,-92],[100,12],[14,-49],[-15,-79],[23,-59],[-58,-30]],[[9043,8247],[-83,74],[-76,-52],[-63,-27],[-22,-65],[5,-141],[-59,-49],[-42,1],[-16,48],[-37,3],[-65,-58],[-47,-16],[-43,13],[-26,-45],[-53,-28],[-26,-66],[-42,-66]],[[6919,8302],[30,8],[25,86],[48,21],[11,40],[-46,16],[-23,77],[46,30],[35,74],[55,12],[-30,81],[25,6],[24,72],[-116,-41],[-34,18],[-132,148],[34,93],[-15,64],[-46,-36],[-29,6],[-5,98],[-46,-7],[21,77],[-2,87],[17,12]],[[7166,9420],[30,-11],[51,45],[69,-32],[55,58],[25,-39],[39,15],[41,-41],[84,-36],[15,11],[105,-51],[-7,-39],[-67,-57],[-69,-40],[38,-30],[50,50],[103,66],[127,3],[98,18],[5,118],[-17,44],[-36,11],[27,79],[-38,82],[-40,15],[-51,101],[-68,90],[57,159],[-77,124]],[[9857,9650],[-40,18],[-19,42],[-65,21],[7,44],[-64,33]],[[9934,11280],[-1,110],[26,18],[119,-53],[93,-15],[33,-47],[99,10],[29,-50],[20,-88],[3,-77],[142,52],[103,-43],[50,-75],[127,69],[84,-36],[36,-39],[100,1],[0,47],[105,48],[86,6],[68,-86],[79,-33],[-25,-59],[-54,19],[-27,-68],[46,-94],[18,-74],[-15,-44],[-154,-138],[-201,-104],[-138,-82],[-80,-127],[-93,-21],[-137,-46],[-83,-16],[-251,-87],[-45,-28],[-141,-168],[82,-61],[-46,-57],[-90,-21],[-44,-73]],[[5923,7910],[-81,-29],[-30,64],[-92,139],[1,55],[32,160],[114,105],[10,56],[36,63],[-42,70],[-36,-9],[-18,48],[-46,18],[-6,64],[-42,48],[8,87],[-45,26],[-62,74],[-25,55],[112,-17],[45,20],[123,3],[31,115],[29,37],[20,104],[-41,76],[-46,55],[41,54],[46,10]],[[5896,10740],[-44,-18],[-63,16],[-6,-68],[-121,-35],[-14,24],[-86,-24],[-47,56],[-72,-28],[-42,7],[-49,-38],[-80,-8],[-28,72],[70,77],[-39,46],[-21,57],[-70,-52],[-103,-5],[-55,-21],[-17,-36],[-100,-94],[-16,4],[-8,173],[24,7],[31,94],[-34,40],[46,24],[-59,93],[58,104],[-42,49],[-26,-14],[-75,-92],[-11,44],[12,70],[42,82],[-68,-24],[-10,71],[-34,74],[-46,-22],[-1,103],[41,33],[-15,53],[81,17],[42,34],[19,45],[62,29],[61,-29],[77,18],[67,52],[103,31],[-55,30],[28,54],[81,70],[42,57],[31,0],[77,44],[10,-47],[51,33],[58,5],[88,-21],[57,-44],[65,-72],[107,-19]],[[9043,8247],[13,-63],[-6,-57],[-36,-42],[-1,-71],[50,-19],[10,-49],[-35,-89],[7,-46]],[[9045,7811],[65,-115],[73,-57]],[[9183,7639],[-52,-95],[68,-90],[-98,-31],[-83,18],[-24,-17],[-63,12],[-46,-12],[-68,-52],[-15,-30],[-78,-58]],[[8610,10767],[-27,54],[32,40]],[[8615,10861],[75,18],[-7,40],[-58,14],[-53,73],[-99,67],[-56,3],[-111,52]],[[8306,11128],[17,45],[-52,30],[20,44],[75,18],[-5,36],[45,94],[12,80],[48,-6],[43,29],[8,63],[61,60],[65,107],[29,7]],[[8672,11735],[54,8],[5,-37],